{
  "parent": "minecraft:block/leaves",
  "textures": {
    "all": "minecraft:block/birch_leaves"
  },
  "elements": [    
    {
      "from": [ 0, 0, 0 ],
      "to": [ 16, 16, 16 ],
      "shade": true,
      "faces": {
        "down": { "uv": [ 0, 0, 16, 16 ], "texture": "#all" },
        "up": { "uv": [ 0, 0, 16, 16 ], "texture": "#all" },
        "north": { "uv": [ 0, 0, 16, 16 ], "texture": "#all" },
        "south": { "uv": [ 0, 0, 16, 16 ], "texture": "#all" },
        "west": { "uv": [ 0, 0, 16, 16 ], "texture": "#all" },
        "east": { "uv": [ 0, 0, 16, 16 ], "texture": "#all" }
      }
    }
  ]
}