{
	"credit": "Made with Blockbench",
	"ambientocclusion": false,
	"textures": {
		"2": "block/flower_pot",
		"particle": "block/flower_pot",
		"dirt": "block/dirt"
	},
	"elements": [
		{
			"from": [10.5, 4, 5.5],
			"to": [11.5, 6, 10.5],
			"faces": {
				"east": {"uv": [6, 3, 11, 5], "texture": "#2"},
				"west": {"uv": [6, 3, 11, 5], "texture": "#2"},
				"up": {"uv": [6, 5, 7, 10], "texture": "#2"},
				"down": {"uv": [0, 11, 1, 16], "texture": "#2", "cullface": "down"}
			}
		},
		{
			"from": [4.5, 4, 5.5],
			"to": [5.5, 6, 10.5],
			"faces": {
				"east": {"uv": [6, 3, 11, 5], "texture": "#2"},
				"west": {"uv": [6, 3, 11, 5], "texture": "#2"},
				"up": {"uv": [6, 5, 7, 10], "texture": "#2"},
				"down": {"uv": [0, 11, 1, 16], "texture": "#2", "cullface": "down"}
			}
		},
		{
			"from": [4.5, 4, 4.5],
			"to": [11.5, 6, 5.5],
			"faces": {
				"north": {"uv": [9, 1, 16, 3], "texture": "#2"},
				"east": {"uv": [8, 5, 9, 7], "texture": "#2"},
				"south": {"uv": [9, 1, 16, 3], "texture": "#2"},
				"west": {"uv": [8, 5, 9, 7], "texture": "#2"},
				"up": {"uv": [9, 0, 16, 1], "texture": "#2"},
				"down": {"uv": [9, 5, 16, 6], "texture": "#2", "cullface": "down"}
			}
		},
		{
			"from": [4.5, 4, 10.5],
			"to": [11.5, 6, 11.5],
			"faces": {
				"north": {"uv": [9, 1, 16, 3], "texture": "#2"},
				"east": {"uv": [8, 5, 9, 7], "texture": "#2"},
				"south": {"uv": [9, 1, 16, 3], "texture": "#2"},
				"west": {"uv": [8, 5, 9, 7], "texture": "#2"},
				"up": {"uv": [9, 0, 16, 1], "texture": "#2"},
				"down": {"uv": [9, 5, 16, 6], "texture": "#2", "cullface": "down"}
			}
		},
		{
			"from": [5, 0, 5],
			"to": [11, 4, 11],
			"faces": {
				"north": {"uv": [0, 6, 6, 10], "texture": "#2"},
				"east": {"uv": [0, 6, 6, 10], "texture": "#2"},
				"south": {"uv": [0, 6, 6, 10], "texture": "#2"},
				"west": {"uv": [0, 6, 6, 10], "texture": "#2"},
				"up": {"uv": [5, 4, 11, 10], "texture": "#dirt"},
				"down": {"uv": [0, 0, 6, 6], "texture": "#2", "cullface": "down"}
			}
		},
		{
			"from": [2.6, 4, 8],
			"to": [13.4, 16, 8],
			"shade": false,
			"rotation": {"angle": 45, "axis": "y", "origin": [8, 8, 8], "rescale": true},
			"faces": {
				"north": {"uv": [0, 0, 16, 16], "texture": "#plant", "tintindex": 0},
				"south": {"uv": [0, 0, 16, 16], "texture": "#plant"}
			}
		},
		{
			"from": [8, 4, 2.6],
			"to": [8, 16, 13.4],
			"shade": false,
			"rotation": {"angle": 45, "axis": "y", "origin": [8, 8, 8], "rescale": true},
			"faces": {
				"east": {"uv": [0, 0, 16, 16], "texture": "#plant"},
				"west": {"uv": [0, 0, 16, 16], "texture": "#plant"}
			}
		}
	]
}