{
	"credit": "Made with Blockbench",
	"parent": "minecraft:block/tinted_cross",
	"ambientocclusion": false,
	"textures": {
		"1": "block/grass",
		"particle": "block/grass"
	},
	"elements": [
		{
			"from": [2, 0, 0],
			"to": [2, 16, 16],
			"shade": false,
			"faces": {
				"north": {"uv": [0, 0, 0, 16], "texture": "#1", "tintindex": 0},
				"east": {"uv": [0, 0, 16, 16], "texture": "#1", "tintindex": 0},
				"south": {"uv": [0, 0, 0, 16], "texture": "#1", "tintindex": 0},
				"west": {"uv": [0, 0, 16, 16], "texture": "#1", "tintindex": 0},
				"up": {"uv": [0, 0, 0, 16], "texture": "#1", "tintindex": 0},
				"down": {"uv": [0, 0, 0, 16], "texture": "#1", "tintindex": 0}
			}
		},
		{
			"from": [8, 0, 0],
			"to": [8, 16, 16],
			"shade": false,
			"faces": {
				"north": {"uv": [0, 0, 0, 16], "texture": "#1", "tintindex": 0},
				"east": {"uv": [0, 0, 16, 16], "texture": "#1", "tintindex": 0},
				"south": {"uv": [0, 0, 0, 16], "texture": "#1", "tintindex": 0},
				"west": {"uv": [0, 0, 16, 16], "texture": "#1", "tintindex": 0},
				"up": {"uv": [0, 0, 0, 16], "texture": "#1", "tintindex": 0},
				"down": {"uv": [0, 0, 0, 16], "texture": "#1", "tintindex": 0}
			}
		},
		{
			"from": [14, 0, 0],
			"to": [14, 16, 16],
			"shade": false,
			"faces": {
				"north": {"uv": [0, 0, 0, 16], "texture": "#1", "tintindex": 0},
				"east": {"uv": [0, 0, 16, 16], "texture": "#1", "tintindex": 0},
				"south": {"uv": [0, 0, 0, 16], "texture": "#1", "tintindex": 0},
				"west": {"uv": [0, 0, 16, 16], "texture": "#1", "tintindex": 0},
				"up": {"uv": [0, 0, 0, 16], "texture": "#1", "tintindex": 0},
				"down": {"uv": [0, 0, 0, 16], "texture": "#1", "tintindex": 0}
			}
		},
		{
			"from": [0, 0, 14],
			"to": [16, 16, 14],
			"shade": false,
			"rotation": {"angle": 0, "axis": "y", "origin": [8, 8, 8]},
			"faces": {
				"north": {"uv": [0, 0, 16, 16], "texture": "#1", "tintindex": 0},
				"east": {"uv": [0, 0, 0, 16], "texture": "#1", "tintindex": 0},
				"south": {"uv": [0, 0, 16, 16], "texture": "#1", "tintindex": 0},
				"west": {"uv": [0, 0, 0, 16], "texture": "#1", "tintindex": 0},
				"up": {"uv": [0, 0, 0, 16], "rotation": 90, "texture": "#1", "tintindex": 0},
				"down": {"uv": [0, 0, 0, 16], "rotation": 270, "texture": "#1", "tintindex": 0}
			}
		},
		{
			"from": [0, 0, 8],
			"to": [16, 16, 8],
			"shade": false,
			"rotation": {"angle": 0, "axis": "y", "origin": [8, 8, 8]},
			"faces": {
				"north": {"uv": [0, 0, 16, 16], "texture": "#1", "tintindex": 0},
				"east": {"uv": [0, 0, 0, 16], "texture": "#1", "tintindex": 0},
				"south": {"uv": [0, 0, 16, 16], "texture": "#1", "tintindex": 0},
				"west": {"uv": [0, 0, 0, 16], "texture": "#1", "tintindex": 0},
				"up": {"uv": [0, 0, 0, 16], "rotation": 90, "texture": "#1", "tintindex": 0},
				"down": {"uv": [0, 0, 0, 16], "rotation": 270, "texture": "#1", "tintindex": 0}
			}
		},
		{
			"from": [0, 0, 2],
			"to": [16, 16, 2],
			"shade": false,
			"rotation": {"angle": 0, "axis": "y", "origin": [8, 8, 8]},
			"faces": {
				"north": {"uv": [0, 0, 16, 16], "texture": "#1", "tintindex": 0},
				"east": {"uv": [0, 0, 0, 16], "texture": "#1", "tintindex": 0},
				"south": {"uv": [0, 0, 16, 16], "texture": "#1", "tintindex": 0},
				"west": {"uv": [0, 0, 0, 16], "texture": "#1", "tintindex": 0},
				"up": {"uv": [0, 0, 0, 16], "rotation": 90, "texture": "#1", "tintindex": 0},
				"down": {"uv": [0, 0, 0, 16], "rotation": 270, "texture": "#1", "tintindex": 0}
			}
		}
	]
}