{
	"credit": "Made with Blockbench",
	"ambientocclusion": false,
	"textures": {
		"particle": "block/flower_pot",
		"flowerpot": "block/flower_pot",
		"dirt": "block/dirt",
		"bamboo": "block/bamboo_stalk",
		"leaf": "block/bamboo_singleleaf"
	},
	"elements": [
		{
			"from": [7, 0, 7],
			"to": [9, 16, 9],
			"faces": {
				"north": {"uv": [6, 0, 8, 16], "texture": "#bamboo"},
				"east": {"uv": [6, 0, 8, 16], "texture": "#bamboo"},
				"south": {"uv": [6, 0, 8, 16], "texture": "#bamboo"},
				"west": {"uv": [6, 0, 8, 16], "texture": "#bamboo"},
				"up": {"uv": [13, 0, 15, 2], "texture": "#bamboo", "cullface": "up"}
			}
		},
		{
			"from": [0, 2, 8],
			"to": [16, 18, 8],
			"shade": false,
			"faces": {
				"north": {"uv": [0, 0, 16, 16], "texture": "#leaf"},
				"south": {"uv": [16, 0, 0, 16], "texture": "#leaf"}
			}
		},
		{
			"from": [4.5, 4, 4.5],
			"to": [11.5, 6, 5.5],
			"faces": {
				"north": {"uv": [9, 1, 16, 3], "texture": "#flowerpot"},
				"east": {"uv": [8, 5, 9, 7], "texture": "#flowerpot"},
				"south": {"uv": [9, 1, 16, 3], "texture": "#flowerpot"},
				"west": {"uv": [8, 5, 9, 7], "texture": "#flowerpot"},
				"up": {"uv": [9, 0, 16, 1], "texture": "#flowerpot"},
				"down": {"uv": [9, 5, 16, 6], "texture": "#flowerpot", "cullface": "down"}
			}
		},
		{
			"from": [10.5, 4, 5.5],
			"to": [11.5, 6, 10.5],
			"faces": {
				"north": {"uv": [0, 0, 0, 0], "texture": "#flowerpot"},
				"east": {"uv": [6, 3, 11, 5], "texture": "#flowerpot"},
				"south": {"uv": [0, 0, 0, 0], "texture": "#flowerpot"},
				"west": {"uv": [6, 3, 11, 5], "texture": "#flowerpot"},
				"up": {"uv": [6, 5, 7, 10], "texture": "#flowerpot"},
				"down": {"uv": [0, 11, 1, 16], "texture": "#flowerpot", "cullface": "down"}
			}
		},
		{
			"from": [4.5, 4, 5.5],
			"to": [5.5, 6, 10.5],
			"faces": {
				"north": {"uv": [0, 0, 0, 0], "texture": "#flowerpot"},
				"east": {"uv": [6, 3, 11, 5], "texture": "#flowerpot"},
				"south": {"uv": [0, 0, 0, 0], "texture": "#flowerpot"},
				"west": {"uv": [6, 3, 11, 5], "texture": "#flowerpot"},
				"up": {"uv": [6, 5, 7, 10], "texture": "#flowerpot"},
				"down": {"uv": [0, 11, 1, 16], "texture": "#flowerpot", "cullface": "down"}
			}
		},
		{
			"from": [4.5, 4, 10.5],
			"to": [11.5, 6, 11.5],
			"faces": {
				"north": {"uv": [9, 1, 16, 3], "texture": "#flowerpot"},
				"east": {"uv": [8, 5, 9, 7], "texture": "#flowerpot"},
				"south": {"uv": [9, 1, 16, 3], "texture": "#flowerpot"},
				"west": {"uv": [8, 5, 9, 7], "texture": "#flowerpot"},
				"up": {"uv": [9, 0, 16, 1], "texture": "#flowerpot"},
				"down": {"uv": [9, 5, 16, 6], "texture": "#flowerpot", "cullface": "down"}
			}
		},
		{
			"from": [5, 0, 5],
			"to": [11, 4, 11],
			"faces": {
				"north": {"uv": [0, 6, 6, 10], "texture": "#flowerpot"},
				"east": {"uv": [0, 6, 6, 10], "texture": "#flowerpot"},
				"south": {"uv": [0, 6, 6, 10], "texture": "#flowerpot"},
				"west": {"uv": [0, 6, 6, 10], "texture": "#flowerpot"},
				"up": {"uv": [5, 4, 11, 10], "texture": "#dirt"},
				"down": {"uv": [0, 0, 6, 6], "texture": "#flowerpot", "cullface": "down"}
			}
		}
	]
}